t,x,y
0.0000,-0.0000,0.0000
0.3400,0.5513,0.0007
0.4800,1.1113,0.0027
0.6200,1.6713,0.0058
0.7600,2.2313,0.0098
0.9000,2.7913,0.0146
1.0400,3.3513,0.0199
1.1800,3.9112,0.0255
1.3200,4.4712,0.0313
1.4600,5.0312,0.0371
1.6000,5.5911,0.0428
1.7400,6.1511,0.0483
1.8800,6.7111,0.0533
2.0200,7.2711,0.0578
2.1600,7.8311,0.0618
2.3000,8.3910,0.0651
2.4400,8.9510,0.0676
2.5800,9.5110,0.0695
2.7200,10.0710,0.0705
2.8600,10.6310,0.0708
3.0000,11.1910,0.0702
3.1400,11.7510,0.0690
3.2800,12.3110,0.0670
3.4200,12.8710,0.0643
3.5600,13.4310,0.0610
3.7000,13.9910,0.0572
3.8400,14.5510,0.0530
3.9800,15.1110,0.0483
4.1200,15.6709,0.0434
4.2600,16.2309,0.0383
4.4000,16.7909,0.0331
4.5400,17.3509,0.0279
4.6800,17.9109,0.0229
4.8200,18.4708,0.0181
4.9600,19.0308,0.0136
5.1000,19.5908,0.0095
5.2400,20.1508,0.0060
5.3800,20.7108,0.0031
5.5200,21.2708,0.0008
5.6600,21.8308,-0.0007
5.8000,22.3908,-0.0014
5.9400,22.9508,-0.0012
6.0800,23.5108,-0.0000
6.2200,24.0708,0.0020
6.3600,24.6308,0.0051
6.5000,25.1907,0.0092
6.6400,25.7507,0.0143
6.7800,26.3107,0.0204
6.9200,26.8706,0.0275
7.0600,27.4306,0.0357
7.2000,27.9905,0.0448
7.3400,28.5504,0.0549
7.4800,29.1103,0.0659
7.6200,29.6702,0.0777
7.7600,30.2300,0.0905
7.9000,30.7899,0.1040
8.0400,31.3497,0.1183
8.1800,31.9095,0.1333
8.3200,32.4693,0.1490
8.4600,33.0290,0.1652
8.6000,33.5888,0.1820
8.7400,34.1485,0.1994
8.8800,34.7082,0.2172
9.0200,35.2679,0.2354
9.1600,35.8276,0.2540
9.3000,36.3873,0.2729
9.4400,36.9470,0.2922
9.5800,37.5066,0.3118
9.7200,38.0663,0.3316
9.8600,38.6259,0.3517
10.0000,39.1856,0.3720
10.1400,39.7452,0.3926
10.2800,40.3048,0.4133
10.4200,40.8644,0.4343
10.5600,41.4240,0.4556
10.7000,41.9836,0.4770
10.8400,42.5432,0.4988
10.9800,43.1027,0.5208
11.1200,43.6623,0.5431
11.2600,44.2218,0.5657
11.4000,44.7814,0.5886
11.5400,45.3409,0.6119
11.6800,45.9004,0.6357
11.8200,46.4598,0.6598
11.9600,47.0193,0.6843
12.1000,47.5787,0.7094
12.2400,48.1382,0.7349
12.3800,48.6976,0.7610
12.5200,49.2569,0.7877
12.6600,49.8163,0.8149
12.8000,50.3756,0.8427
12.9400,50.9348,0.8712
13.0800,51.4941,0.9003
13.2200,52.0533,0.9300
13.3600,52.6125,0.9605
13.5000,53.1716,0.9916
13.6400,53.7307,1.0234
13.7800,54.2898,1.0559
13.9200,54.8488,1.0891
14.0600,55.4077,1.1229
14.2000,55.9667,1.1575
14.3400,56.5256,1.1928
14.4800,57.0844,1.2288
14.6200,57.6432,1.2654
14.7600,58.2020,1.3027
14.9000,58.7607,1.3407
15.0400,59.3193,1.3792
15.1800,59.8780,1.4185
15.3200,60.4366,1.4583
15.4600,60.9951,1.4987
15.6000,61.5536,1.5397
15.7400,62.1120,1.5813
15.8800,62.6705,1.6234
16.0200,63.2288,1.6660
16.1600,63.7872,1.7092
16.3000,64.3455,1.7528
16.4400,64.9037,1.7970
16.5800,65.4619,1.8417
16.7200,66.0201,1.8868
16.8600,66.5783,1.9324
17.0000,67.1364,1.9785
17.1400,67.6944,2.0251
17.2800,68.2524,2.0722
17.4200,68.8104,2.1197
17.5600,69.3683,2.1678
17.7000,69.9262,2.2164
17.8400,70.4841,2.2655
17.9800,71.0419,2.3152
18.1200,71.5996,2.3656
18.2600,72.1573,2.4167
18.4000,72.7148,2.4687
18.5400,73.2723,2.5218
18.6800,73.8297,2.5760
18.8200,74.3869,2.6319
18.9600,74.9439,2.6897
19.1000,75.5006,2.7500
19.2400,76.0570,2.8133
19.3800,76.6130,2.8805
19.5200,77.1683,2.9526
19.6600,77.7229,3.0305
19.8000,78.2764,3.1156
19.9400,78.8285,3.2094
20.0800,79.3787,3.3136
20.2200,79.9265,3.4298
20.3600,80.4711,3.5602
20.5000,81.0115,3.7068
20.6400,81.5467,3.8717
20.7800,82.0751,4.0570
20.9200,82.5950,4.2648
21.0600,83.1045,4.4972
21.2000,83.6011,4.7558
21.3400,84.0822,5.0423
21.4800,84.5447,5.3578
21.6200,84.9855,5.7030
21.7600,85.4011,6.0782
21.9000,85.7878,6.4831
22.0400,86.1420,6.9166
22.1800,86.4603,7.3772
22.3200,86.7394,7.8625
22.4600,86.9761,8.3698
22.6000,87.1678,8.8958
22.7400,87.3119,9.4367
22.8800,87.4066,9.9885
23.0200,87.4502,10.5466
23.1600,87.4418,11.1063
23.3000,87.3809,11.6628
23.4400,87.2675,12.2110
23.5800,87.1023,12.7458
23.7200,86.8863,13.2622
23.8600,86.6215,13.7554
24.0000,86.3103,14.2207
24.1400,85.9559,14.6540
24.2800,85.5620,15.0518
24.4200,85.1325,15.4109
24.5600,84.6720,15.7291
24.7000,84.1848,16.0049
24.8400,83.6755,16.2374
24.9800,83.1487,16.4267
25.1200,82.6084,16.5734
25.2600,82.0585,16.6791
25.4000,81.5026,16.7457
25.5400,80.9435,16.7758
25.6800,80.3836,16.7726
25.8200,79.8246,16.7396
25.9600,79.2678,16.6805
26.1000,78.7137,16.5995
26.2400,78.1626,16.5006
26.3800,77.6139,16.3883
26.5200,77.0673,16.2668
26.6600,76.5218,16.1403
26.8000,75.9765,16.0129
26.9400,75.4305,15.8883
27.0800,74.8831,15.7704
27.2200,74.3336,15.6624
27.3600,73.7817,15.5674
27.5000,73.2274,15.4882
27.6400,72.6707,15.4272
27.7800,72.1123,15.3863
27.9200,71.5526,15.3669
28.0600,70.9927,15.3698
28.2000,70.4333,15.3954
28.3400,69.8754,15.4430
28.4800,69.3196,15.5116
28.6200,68.7665,15.5994
28.7600,68.2163,15.7036
28.9000,67.6688,15.8211
29.0400,67.1234,15.9481
29.1800,66.5792,16.0802
29.3200,66.0351,16.2126
29.4600,65.4899,16.3403
29.6000,64.9424,16.4579
29.7400,64.3918,16.5604
29.8800,63.8380,16.6428
30.0200,63.2810,16.7006
30.1600,62.7219,16.7299
30.3000,62.1620,16.7271
30.4400,61.6033,16.6892
30.5800,61.0485,16.6138
30.7200,60.5006,16.4989
30.8600,59.9628,16.3431
31.0000,59.4390,16.1456
31.1400,58.9329,15.9062
31.2800,58.4486,15.6253
31.4200,57.9901,15.3042
31.5600,57.5608,14.9448
31.7000,57.1637,14.5502
31.8400,56.8009,14.1238
31.9800,56.4736,13.6696
32.1200,56.1818,13.1918
32.2600,55.9243,12.6946
32.4000,55.6983,12.1824
32.5400,55.4997,11.6588
32.6800,55.3236,11.1272
32.8200,55.1637,10.5906
32.9600,55.0132,10.0512
33.1000,54.8652,9.5111
33.2400,54.7128,8.9722
33.3800,54.5500,8.4364
33.5200,54.3717,7.9056
33.6600,54.1733,7.3820
33.8000,53.9513,6.8679
33.9400,53.7026,6.3662
34.0800,53.4251,5.8799
34.2200,53.1173,5.4122
34.3600,52.7783,4.9667
34.5000,52.4080,4.5467
34.6400,52.0069,4.1561
34.7800,51.5762,3.7985
34.9200,51.1177,3.4772
35.0600,50.6338,3.1957
35.2000,50.1275,2.9569
35.3400,49.6020,2.7638
35.4800,49.0614,2.6185
35.6200,48.5098,2.5232
35.7600,47.9517,2.4793
35.9000,47.3920,2.4877
36.0400,46.8355,2.5490
36.1800,46.2875,2.6629
36.3200,45.7529,2.8290
36.4600,45.2368,3.0459
36.6000,44.7443,3.3119
36.7400,44.2801,3.6247
36.8800,43.8487,3.9815
37.0200,43.4546,4.3790
37.1600,43.1016,4.8134
37.3000,42.7930,5.2804
37.4400,42.5310,5.7751
37.5800,42.3169,6.2924
37.7200,42.1504,6.8269
37.8600,42.0303,7.3737
38.0000,41.9540,7.9283
38.1400,41.9177,8.4870
38.2800,41.9167,9.0469
38.4200,41.9458,9.6061
38.5600,41.9988,10.1636
38.7000,42.0697,10.7191
38.8400,42.1521,11.2729
38.9800,42.2396,11.8261
39.1200,42.3259,12.3794
39.2600,42.4048,12.9338
39.4000,42.4705,13.4899
39.5400,42.5176,14.0479
39.6800,42.5415,14.6073
39.8200,42.5382,15.1673
39.9600,42.5041,15.7261
40.1000,42.4361,16.2819
40.2400,42.3317,16.8320
40.3800,42.1890,17.3734
40.5200,42.0067,17.9027
40.6600,41.7841,18.4164
40.8000,41.5209,18.9105
40.9400,41.2178,19.3812
41.0800,40.8756,19.8243
41.2200,40.4962,20.2359
41.3600,40.0816,20.6121
41.5000,39.6348,20.9494
41.6400,39.1589,21.2442
41.7800,38.6577,21.4935
41.9200,38.1353,21.6946
42.0600,37.5962,21.8453
42.2000,37.0451,21.9438
42.3400,36.4872,21.9891
42.4800,35.9275,21.9810
42.6200,35.3709,21.9204
42.7600,34.8223,21.8090
42.9000,34.2857,21.6495
43.0400,33.7645,21.4453
43.1800,33.2611,21.2001
43.3200,32.7773,20.9184
43.4600,32.3137,20.6045
43.6000,31.8701,20.2627
43.7400,31.4457,19.8975
43.8800,31.0387,19.5129
44.0200,30.6470,19.1127
44.1600,30.2682,18.7004
44.3000,29.8993,18.2790
44.4400,29.5375,17.8516
44.5800,29.1798,17.4207
44.7200,28.8233,16.9889
44.8600,28.4653,16.5582
45.0000,28.1032,16.1310
45.1400,27.7349,15.7092
45.2800,27.3584,15.2947
45.4200,26.9720,14.8894
45.5600,26.5746,14.4948
45.7000,26.1652,14.1128
45.8400,25.7433,13.7446
45.9800,25.3086,13.3916
46.1200,24.8614,13.0546
46.2600,24.4019,12.7346
46.4000,23.9308,12.4318
46.5400,23.4490,12.1465
46.6800,22.9572,11.8787
46.8200,22.4567,11.6277
46.9600,21.9483,11.3928
47.1000,21.4333,11.1730
47.2400,20.9126,10.9670
47.3800,20.3872,10.7732
47.5200,19.8580,10.5899
47.6600,19.3259,10.4155
47.8000,18.7915,10.2479
47.9400,18.2557,10.0853
48.0800,17.7189,9.9257
48.2200,17.1818,9.7671
48.3600,16.6450,9.6077
48.5000,16.1089,9.4457
48.6400,15.5742,9.2795
48.7800,15.0412,9.1075
48.9200,14.5107,8.9284
49.0600,13.9830,8.7410
49.2000,13.4587,8.5442
49.3400,12.9384,8.3371
49.4800,12.4226,8.1190
49.6200,11.9119,7.8893
49.7600,11.4069,7.6474
49.9000,10.9080,7.3930
50.0400,10.4160,7.1256
50.1800,9.9314,6.8450
50.3200,9.4549,6.5508
50.4600,8.9873,6.2427
50.6000,8.5294,5.9204
50.7400,8.0831,5.5822
50.8800,7.6519,5.2250
51.0200,7.2391,4.8466
51.1600,6.8484,4.4456
51.3000,6.4832,4.0212
51.4400,6.1472,3.5733
51.5800,5.8438,3.1028
51.7200,5.5764,2.6109
51.8600,5.3482,2.0997
52.0000,5.1620,1.5717
52.1400,5.0206,1.0300
