x,y
4.1159,0.0000
4.6304,0.0000
5.1448,0.0000
5.6593,0.0000
6.1737,0.0000
6.6882,0.0000
7.2027,0.0000
7.7171,0.0000
8.2316,0.0000
8.7460,0.0000
9.2605,0.0000
9.7750,0.0000
10.2894,0.0000
10.8039,0.0000
11.3183,0.0000
11.8328,0.0000
12.3473,0.0000
12.8617,0.0000
13.3762,0.0000
13.8907,0.0000
14.4051,0.0000
14.9196,0.0000
15.4340,0.0000
15.9485,0.0001
16.4630,0.0003
16.9774,0.0006
17.4919,0.0010
18.0063,0.0017
18.5208,0.0027
19.0353,0.0039
19.5497,0.0053
20.0642,0.0071
20.5786,0.0092
21.0931,0.0116
21.6076,0.0143
22.1220,0.0174
22.6365,0.0209
23.1509,0.0248
23.6653,0.0290
24.1798,0.0336
24.6942,0.0387
25.2087,0.0441
25.7231,0.0499
26.2375,0.0562
26.7519,0.0629
27.2663,0.0700
27.7807,0.0775
28.2951,0.0854
28.8095,0.0938
29.3239,0.1026
29.8383,0.1119
30.3527,0.1215
30.8670,0.1317
31.3814,0.1422
31.8957,0.1532
32.4101,0.1646
32.9244,0.1765
33.4387,0.1888
33.9530,0.2016
34.4673,0.2148
34.9816,0.2284
35.4958,0.2425
36.0101,0.2571
36.5243,0.2721
37.0386,0.2875
37.5528,0.3034
38.0670,0.3197
38.5812,0.3365
39.0954,0.3537
39.6095,0.3713
40.1237,0.3895
40.6378,0.4080
41.1519,0.4270
41.6660,0.4465
42.1801,0.4664
42.6941,0.4867
43.2082,0.5075
43.7222,0.5288
44.2362,0.5505
44.7502,0.5726
45.2641,0.5952
45.7781,0.6183
46.2920,0.6418
46.8059,0.6657
47.3198,0.6901
47.8336,0.7149
48.3475,0.7402
48.8613,0.7660
49.3751,0.7921
49.8889,0.8188
50.4026,0.8459
50.9163,0.8734
51.4300,0.9014
51.9437,0.9298
52.4574,0.9587
52.9710,0.9880
53.4846,1.0178
53.9982,1.0480
54.5117,1.0786
55.0252,1.1098
55.5387,1.1413
56.0522,1.1733
56.5656,1.2058
57.0790,1.2387
57.5924,1.2721
58.1058,1.3059
58.6191,1.3401
59.1324,1.3748
59.6456,1.4100
60.1589,1.4456
60.6721,1.4816
61.1852,1.5181
61.6984,1.5551
62.2115,1.5925
62.7245,1.6303
63.2376,1.6686
63.7506,1.7073
64.2635,1.7465
64.7765,1.7861
65.2894,1.8262
65.8022,1.8668
66.3150,1.9078
66.8278,1.9492
67.3406,1.9911
67.8533,2.0335
68.3660,2.0764
68.8786,2.1198
69.3912,2.1637
69.9037,2.2080
70.4162,2.2529
70.9287,2.2983
71.4411,2.3443
71.9534,2.3908
72.4657,2.4379
72.9780,2.4856
73.4902,2.5339
74.0023,2.5829
74.5143,2.6326
75.0263,2.6833
75.5381,2.7351
76.0498,2.7883
76.5614,2.8434
77.0726,2.9007
77.5835,2.9611
78.0939,3.0254
78.6037,3.0949
79.1124,3.1712
79.6198,3.2565
80.1250,3.3537
80.6270,3.4659
81.1246,3.5965
81.6161,3.7482
82.0999,3.9232
82.5737,4.1234
83.0354,4.3502
83.4824,4.6046
83.9122,4.8872
84.3220,5.1981
84.7091,5.5368
85.0705,5.9027
85.4036,6.2946
85.7058,6.7109
85.9743,7.1495
86.2069,7.6082
86.4014,8.0844
86.5559,8.5749
86.6688,9.0767
86.7388,9.5862
86.7649,10.0999
86.7465,10.6138
86.6835,11.1242
86.5759,11.6272
86.4244,12.1186
86.2299,12.5947
85.9936,13.0515
85.7175,13.4854
85.4034,13.8926
85.0539,14.2699
84.6717,14.6140
84.2598,14.9220
83.8217,15.1913
83.3611,15.4201
82.8832,15.6103
82.3929,15.7658
81.8938,15.8902
81.3885,15.9866
80.8791,16.0582
80.3671,16.1078
79.8535,16.1378
79.3392,16.1505
78.8248,16.1478
78.3106,16.1315
77.7969,16.1031
77.2839,16.0652
76.7711,16.0233
76.2583,15.9828
75.7449,15.9486
75.2310,15.9250
74.7167,15.9160
74.2023,15.9249
73.6888,15.9550
73.1772,16.0090
72.6691,16.0892
72.1663,16.1976
71.6701,16.3335
71.1799,16.4893
70.6938,16.6578
70.2099,16.8326
69.7264,17.0083
69.2414,17.1799
68.7536,17.3433
68.2618,17.4944
67.7655,17.6296
67.2643,17.7456
66.7585,17.8393
66.2487,17.9080
65.7360,17.9490
65.2217,17.9602
64.7077,17.9396
64.1962,17.8855
63.6896,17.7968
63.1905,17.6724
62.7019,17.5118
62.2267,17.3149
61.7682,17.0819
61.3295,16.8135
60.9137,16.5106
60.5242,16.1748
60.1639,15.8078
59.8356,15.4119
59.5422,14.9895
59.2851,14.5440
59.0588,14.0821
58.8555,13.6095
58.6680,13.1305
58.4899,12.6479
58.3154,12.1639
58.1393,11.6805
57.9572,11.1994
57.7650,10.7222
57.5593,10.2506
57.3371,9.7867
57.0959,9.3323
56.8337,8.8897
56.5491,8.4612
56.2409,8.0494
55.9086,7.6567
55.5521,7.2860
55.1717,6.9398
54.7681,6.6209
54.3427,6.3318
53.8970,6.0751
53.4330,5.8531
52.9532,5.6680
52.4601,5.5217
51.9568,5.4159
51.4465,5.3519
50.9326,5.3307
50.4188,5.3530
49.9087,5.4192
49.4063,5.5290
48.9153,5.6821
48.4396,5.8776
47.9830,6.1143
47.5492,6.3905
47.1416,6.7041
46.7615,7.0506
46.4077,7.4240
46.0785,7.8192
45.7722,8.2325
45.4868,8.6605
45.2205,9.1006
44.9714,9.5507
44.7379,10.0091
44.5185,10.4744
44.3116,10.9454
44.1160,11.4212
43.9283,11.9002
43.7431,12.3802
43.5555,12.8592
43.3610,13.3355
43.1559,13.8073
42.9368,14.2727
42.7008,14.7299
42.4457,15.1765
42.1695,15.6105
41.8710,16.0294
41.5491,16.4307
41.2035,16.8117
40.8342,17.1697
40.4417,17.5021
40.0269,17.8063
39.5912,18.0796
39.1363,18.3196
38.6644,18.5241
38.1779,18.6910
37.6796,18.8185
37.1726,18.9050
36.6603,18.9504
36.1460,18.9586
35.6322,18.9342
35.1206,18.8811
34.6121,18.8028
34.1076,18.7025
33.6073,18.5828
33.1113,18.4462
32.6196,18.2948
32.1322,18.1303
31.6488,17.9543
31.1691,17.7683
30.6930,17.5735
30.2201,17.3708
29.7503,17.1613
29.2831,16.9458
28.8185,16.7249
28.3561,16.4993
27.8958,16.2696
27.4374,16.0362
26.9805,15.7996
26.5252,15.5601
26.0712,15.3181
25.6184,15.0738
25.1667,14.8276
24.7160,14.5797
24.2661,14.3301
23.8169,14.0793
23.3685,13.8272
22.9206,13.5740
22.4733,13.3199
22.0265,13.0649
21.5801,12.8092
21.1340,12.5528
20.6883,12.2958
20.2430,12.0383
19.7978,11.7804
19.3529,11.5220
18.9083,11.2633
18.4638,11.0043
18.0195,10.7450
17.5753,10.4854
17.1312,10.2256
16.6873,9.9656
16.2435,9.7054
15.7998,9.4451
15.3561,9.1846
14.9125,8.9240
14.4690,8.6633
14.0255,8.4025
13.5821,8.1417
13.1388,7.8807
12.6954,7.6197
12.2521,7.3586
11.8089,7.0975
11.3657,6.8363
10.9224,6.5751
10.4793,6.3138
10.0361,6.0525
9.5929,5.7912
9.1498,5.5298
8.7074,5.2673
8.2679,4.9999
7.8338,4.7238
7.4075,4.4359
6.9912,4.1336
6.5875,3.8147
6.1989,3.4777
5.8280,3.1213
5.4774,2.7449
5.1497,2.3484
4.8476,1.9321
4.5738,1.4967
4.3306,1.0434
4.1205,0.5740
3.9456,0.0903
